MTS,open,close,high,low,volume
2018-08-18,0.54021,0.5171,0.54528,0.5171,9378.54814814
