MTS,open,close,high,low,volume
2018-08-22,0.5473,0.51777,0.5473,0.51777,492.28400956
