MTS,open,close,high,low,volume
2018-08-18,0.021,0.018412,0.0211,0.018,987475.15384782
