MTS,open,close,high,low,volume
2018-08-22,0.017795,0.01753,0.019957,0.01753,547848.42797293
