MTS,open,close,high,low,volume
2018-08-22,0.14975,0.15322,0.15992,0.14975,95273.45961748
