MTS,open,close,high,low,volume
2018-08-18,0.17881,0.14846,0.18599,0.14464,517149.5175271
