MTS,open,close,high,low,volume
2018-08-22,0.51959,0.53744,0.565,0.51011,10684880.49545025
