MTS,open,close,high,low,volume
2018-08-18,0.56373,0.47245,0.57499,0.465,19203459.97779933
