MTS,open,close,high,low,volume
2018-08-18,0.1727,0.16375,0.186,0.16375,51171.16347043
