MTS,open,close,high,low,volume
2018-08-22,0.178,0.18881,0.18884,0.17496,70770.4174223
