MTS,open,close,high,low,volume
2018-08-18,0.022619,0.02,0.022889,0.01942,59215.2767973
