MTS,open,close,high,low,volume
2018-08-22,0.01907,0.019058,0.01907,0.019058,30686.65803981
