MTS,open,close,high,low,volume
2018-08-22,0.35371,0.38669,0.41996,0.3325,111635.27122058
