MTS,open,close,high,low,volume
2018-08-18,0.35345,0.31864,0.36655,0.31803,50035.61125711
