MTS,open,close,high,low,volume
2018-08-18,0.6217,0.57214,0.64086,0.56094,138921.07437643
