MTS,open,close,high,low,volume
2018-08-22,0.60299,0.63311,0.66486,0.60299,102897.46706762
