MTS,open,close,high,low,volume
2018-08-22,0.0491,0.041871,0.04911,0.040844,95427.57244307
