MTS,open,close,high,low,volume
2018-08-18,0.046958,0.0422,0.047973,0.0422,5695
