MTS,open,close,high,low,volume
2018-08-18,0.023424,0.020753,0.024586,0.020192,26744635.66939301
