MTS,open,close,high,low,volume
2018-08-22,0.020747,0.021072,0.022333,0.020612,10588632.68022862
