MTS,open,close,high,low,volume
2018-08-22,0.33409,0.33691,0.35713,0.32906,29768470.74035785
