MTS,open,close,high,low,volume
2018-08-18,0.36749,0.3179,0.371,0.31315,58095388.78713674
